#miRNA	read_count	precursor	total	seq	seq(norm)
cfa-let-7a	305528.00	cfa-let-7a-1	305528.00	305528.00	118603.70
cfa-let-7a	307152.00	cfa-let-7a-2	307152.00	307152.00	119234.13
cfa-let-7b	50178.00	cfa-let-7b	50178.00	50178.00	19478.73
cfa-let-7c	1775.00	cfa-let-7c	1775.00	1775.00	689.04
cfa-let-7d	534.00	cfa-let-7d	534.00	534.00	207.29
cfa-let-7e	6918.00	cfa-let-7e	6918.00	6918.00	2685.52
cfa-let-7f	65267.00	cfa-let-7f	65267.00	65267.00	25336.17
cfa-let-7g	48196.00	cfa-let-7g	48196.00	48196.00	18709.33
cfa-let-7j	1.00	cfa-let-7j	1.00	1.00	0.39
cfa-miR-1	55.00	cfa-mir-1-1	55.00	55.00	21.35
cfa-miR-1	55.00	cfa-mir-1-2	55.00	55.00	21.35
cfa-miR-101	148.00	cfa-mir-101-1	148.00	148.00	57.45
cfa-miR-101	148.00	cfa-mir-101-2	148.00	148.00	57.45
cfa-miR-103	7483.00	cfa-mir-103-1	7483.00	7483.00	2904.85
cfa-miR-103	7997.00	cfa-mir-103-2	7997.00	7997.00	3104.38
cfa-miR-105a	0.00	cfa-mir-105a	0.00	0	0
cfa-miR-105b	0.00	cfa-mir-105b	0.00	0	0
cfa-miR-106a	16.00	cfa-mir-106a	16.00	16.00	6.21
cfa-miR-106b	452.00	cfa-mir-106b	452.00	452.00	175.46
cfa-miR-107	186.00	cfa-mir-107	186.00	186.00	72.20
cfa-miR-10a	152.00	cfa-mir-10a	152.00	152.00	59.01
cfa-miR-10b	57650.00	cfa-mir-10b	57650.00	57650.00	22379.30
cfa-miR-1185	1.00	cfa-mir-1185	1.00	1.00	0.39
cfa-miR-1199-5p	0.00	cfa-mir-1199	0.00	0	0
cfa-miR-1199-3p	0.00	cfa-mir-1199	0.00	0	0
cfa-miR-122	249.00	cfa-mir-122	249.00	249.00	96.66
cfa-miR-124	7.00	cfa-mir-124-1	7.00	7.00	2.72
cfa-miR-124	7.00	cfa-mir-124-2	7.00	7.00	2.72
cfa-miR-124	7.00	cfa-mir-124-3	7.00	7.00	2.72
cfa-miR-1249	486.00	cfa-mir-1249	486.00	486.00	188.66
cfa-miR-125a	3043.00	cfa-mir-125a	3043.00	3043.00	1181.27
cfa-miR-125b	23738.00	cfa-mir-125b-1	23738.00	23738.00	9214.92
cfa-miR-125b	23709.00	cfa-mir-125b-2	23709.00	23709.00	9203.66
cfa-miR-126	82.00	cfa-mir-126	82.00	82.00	31.83
cfa-miR-127	84.00	cfa-mir-127	84.00	84.00	32.61
cfa-miR-1271	2571.00	cfa-mir-1271	2571.00	2571.00	998.04
cfa-miR-128	3921.00	cfa-mir-128-1	3921.00	3921.00	1522.10
cfa-miR-128	3921.00	cfa-mir-128-2	3921.00	3921.00	1522.10
cfa-miR-129	62.00	cfa-mir-129-1	62.00	62.00	24.07
cfa-miR-129	62.00	cfa-mir-129-2	62.00	62.00	24.07
cfa-miR-1296	274.00	cfa-mir-1296	274.00	274.00	106.36
cfa-miR-1301	222.00	cfa-mir-1301	222.00	222.00	86.18
cfa-miR-1306	76.00	cfa-mir-1306	76.00	76.00	29.50
cfa-miR-1307	188.00	cfa-mir-1307	188.00	188.00	72.98
cfa-miR-130a	43.00	cfa-mir-130a	43.00	43.00	16.69
cfa-miR-130b	69.00	cfa-mir-130b	69.00	69.00	26.79
cfa-miR-132	843.00	cfa-mir-132	843.00	843.00	327.25
cfa-miR-133a	887.00	cfa-mir-133a	887.00	887.00	344.33
cfa-miR-133b	6.00	cfa-mir-133b	6.00	6.00	2.33
cfa-miR-133c	887.00	cfa-mir-133c	887.00	887.00	344.33
cfa-miR-134	12.00	cfa-mir-134	12.00	12.00	4.66
cfa-miR-1343	312.00	cfa-mir-1343	312.00	312.00	121.12
cfa-miR-135a-5p	0.00	cfa-mir-135a-1	0.00	0	0
cfa-miR-135a-5p	0.00	cfa-mir-135a-2	0.00	0	0
cfa-miR-135a-3p	0.00	cfa-mir-135a-2	0.00	0	0
cfa-miR-135b	1889.00	cfa-mir-135b	1889.00	1889.00	733.30
cfa-miR-136	0.00	cfa-mir-136	0.00	0	0
cfa-miR-137	0.00	cfa-mir-137	0.00	0	0
cfa-miR-138a	1.00	cfa-mir-138a	1.00	1.00	0.39
cfa-miR-138b	0.00	cfa-mir-138b	0.00	0	0
cfa-miR-139	0.00	cfa-mir-139	0.00	0	0
cfa-miR-140	5383.00	cfa-mir-140	5383.00	5383.00	2089.64
cfa-miR-141	0.00	cfa-mir-141	0.00	0	0
cfa-miR-142	51.00	cfa-mir-142	51.00	51.00	19.80
cfa-miR-143	1458.00	cfa-mir-143	1458.00	1458.00	565.98
cfa-miR-144	0.00	cfa-mir-144	0.00	0	0
cfa-miR-145	161.00	cfa-mir-145	161.00	161.00	62.50
cfa-miR-1468	41.00	cfa-mir-1468	41.00	41.00	15.92
cfa-miR-146a	112.00	cfa-mir-146a	112.00	112.00	43.48
cfa-miR-146b	94.00	cfa-mir-146b	94.00	94.00	36.49
cfa-miR-147	0.00	cfa-mir-147	0.00	0	0
cfa-miR-148a	4096.00	cfa-mir-148a	4096.00	4096.00	1590.04
cfa-miR-148b	1614.00	cfa-mir-148b	1614.00	1614.00	626.54
cfa-miR-149	1768.00	cfa-mir-149	1768.00	1768.00	686.32
cfa-miR-150	50.00	cfa-mir-150	50.00	50.00	19.41
cfa-miR-151	8702.00	cfa-mir-151	8702.00	8702.00	3378.05
cfa-miR-152	124.00	cfa-mir-152	124.00	124.00	48.14
cfa-miR-153	0.00	cfa-mir-153	0.00	0	0
cfa-miR-155	36876.00	cfa-mir-155	36876.00	36876.00	14314.99
cfa-miR-15a	133.00	cfa-mir-15a	133.00	133.00	51.63
cfa-miR-15b	7626.00	cfa-mir-15b	7626.00	7626.00	2960.36
cfa-miR-16	13484.00	cfa-mir-16-1	13484.00	13484.00	5234.39
cfa-miR-16	13491.00	cfa-mir-16-2	13491.00	13491.00	5237.11
cfa-miR-17	12.00	cfa-mir-17	12.00	12.00	4.66
cfa-miR-181a	1847.00	cfa-mir-181a-1	1847.00	1847.00	716.99
cfa-miR-181a	1847.00	cfa-mir-181a-2	1847.00	1847.00	716.99
cfa-miR-181b	2313.00	cfa-mir-181b-1	2313.00	2313.00	897.89
cfa-miR-181b	2608.00	cfa-mir-181b-2	2608.00	2608.00	1012.41
cfa-miR-181c	181.00	cfa-mir-181c	181.00	181.00	70.26
cfa-miR-181d	1072.00	cfa-mir-181d	1072.00	1072.00	416.14
cfa-miR-182	45666.00	cfa-mir-182	45666.00	45666.00	17727.20
cfa-miR-183	20712.00	cfa-mir-183	20712.00	20712.00	8040.24
cfa-miR-1835	0.00	cfa-mir-1835	0.00	0	0
cfa-miR-1836	0.00	cfa-mir-1836	0.00	0	0
cfa-miR-1837	3.00	cfa-mir-1837-1	3.00	3.00	1.16
cfa-miR-1837	3.00	cfa-mir-1837-2	3.00	3.00	1.16
cfa-miR-1837	3.00	cfa-mir-1837-3	3.00	3.00	1.16
cfa-miR-1837	3.00	cfa-mir-1837-4	3.00	3.00	1.16
cfa-miR-1838	14.00	cfa-mir-1838	14.00	14.00	5.43
cfa-miR-1839	168.00	cfa-mir-1839	168.00	168.00	65.22
cfa-miR-184	926.00	cfa-mir-184	926.00	926.00	359.47
cfa-miR-1840	0.00	cfa-mir-1840	0.00	0	0
cfa-miR-1841	8.00	cfa-mir-1841	8.00	8.00	3.11
cfa-miR-1842	119.00	cfa-mir-1842	119.00	119.00	46.19
cfa-miR-1843	14.00	cfa-mir-1843	14.00	14.00	5.43
cfa-miR-1844	10.00	cfa-mir-1844	10.00	10.00	3.88
cfa-miR-185	1168.00	cfa-mir-185	1168.00	1168.00	453.41
cfa-miR-186	6325.00	cfa-mir-186	6325.00	6325.00	2455.32
cfa-miR-187	0.00	cfa-mir-187	0.00	0	0
cfa-miR-188	0.00	cfa-mir-188	0.00	0	0
cfa-miR-18a	156.00	cfa-mir-18a	156.00	156.00	60.56
cfa-miR-18b	0.00	cfa-mir-18b	0.00	0	0
cfa-miR-190a	3.00	cfa-mir-190a	3.00	3.00	1.16
cfa-miR-190b	29.00	cfa-mir-190b	29.00	29.00	11.26
cfa-miR-191	12106.00	cfa-mir-191	12106.00	12106.00	4699.46
cfa-miR-192	158.00	cfa-mir-192	158.00	158.00	61.33
cfa-miR-193a	909.00	cfa-mir-193a	909.00	909.00	352.87
cfa-miR-193b	0.00	cfa-mir-193b	0.00	0	0
cfa-miR-194	219.00	cfa-mir-194	219.00	219.00	85.01
cfa-miR-195	14.00	cfa-mir-195	14.00	14.00	5.43
cfa-miR-196a	2251.00	cfa-mir-196a-1	2251.00	2251.00	873.82
cfa-miR-196a	2673.00	cfa-mir-196a-2	2673.00	2673.00	1037.64
cfa-miR-196b	1088.00	cfa-mir-196b	1088.00	1088.00	422.35
cfa-miR-197	1563.00	cfa-mir-197	1563.00	1563.00	606.75
cfa-miR-199	724.00	cfa-mir-199-1	724.00	724.00	281.05
cfa-miR-199	724.00	cfa-mir-199-2	724.00	724.00	281.05
cfa-miR-199	724.00	cfa-mir-199-3	724.00	724.00	281.05
cfa-miR-19a	859.00	cfa-mir-19a	859.00	859.00	333.46
cfa-miR-19b	34.00	cfa-mir-19b-1	34.00	34.00	13.20
cfa-miR-19b	34.00	cfa-mir-19b-2	34.00	34.00	13.20
cfa-miR-200a	0.00	cfa-mir-200a	0.00	0	0
cfa-miR-200b	0.00	cfa-mir-200b	0.00	0	0
cfa-miR-200c	16.00	cfa-mir-200c	16.00	16.00	6.21
cfa-miR-202	0.00	cfa-mir-202	0.00	0	0
cfa-miR-203	174.00	cfa-mir-203	174.00	174.00	67.55
cfa-miR-204	1559.00	cfa-mir-204	1559.00	1559.00	605.19
cfa-miR-205	80.00	cfa-mir-205	80.00	80.00	31.06
cfa-miR-206	0.00	cfa-mir-206	0.00	0	0
cfa-miR-207	0.00	cfa-mir-207	0.00	0	0
cfa-miR-208a	0.00	cfa-mir-208a	0.00	0	0
cfa-miR-208b	0.00	cfa-mir-208b	0.00	0	0
cfa-miR-20a	970.00	cfa-mir-20a	970.00	970.00	376.55
cfa-miR-20b	28.00	cfa-mir-20b	28.00	28.00	10.87
cfa-miR-21	674922.00	cfa-mir-21	674922.00	674922.00	261999.71
cfa-miR-210	393.00	cfa-mir-210	393.00	393.00	152.56
cfa-miR-211	8.00	cfa-mir-211	8.00	8.00	3.11
cfa-miR-2114	0.00	cfa-mir-2114	0.00	0	0
cfa-miR-212	27.00	cfa-mir-212	27.00	27.00	10.48
cfa-miR-214	9.00	cfa-mir-214	9.00	9.00	3.49
cfa-miR-215	13.00	cfa-mir-215	13.00	13.00	5.05
cfa-miR-216a	0.00	cfa-mir-216a	0.00	0	0
cfa-miR-216b	3.00	cfa-mir-216b	3.00	3.00	1.16
cfa-miR-217	3.00	cfa-mir-217	3.00	3.00	1.16
cfa-miR-218	1119.00	cfa-mir-218-1	1119.00	1119.00	434.39
cfa-miR-218	985.00	cfa-mir-218-2	985.00	985.00	382.37
cfa-miR-219-5p	4.00	cfa-mir-219-1	4.00	4.00	1.55
cfa-miR-219-5p	0.00	cfa-mir-219-2	0.00	0	0
cfa-miR-219-3p	12.00	cfa-mir-219-2	12.00	12.00	4.66
cfa-miR-22	5310.00	cfa-mir-22	5310.00	5310.00	2061.30
cfa-miR-221	20566.00	cfa-mir-221	20566.00	20566.00	7983.57
cfa-miR-222	70728.00	cfa-mir-222	70728.00	70728.00	27456.08
cfa-miR-223	109.00	cfa-mir-223	109.00	109.00	42.31
cfa-miR-224	7.00	cfa-mir-224	7.00	7.00	2.72
cfa-miR-2387	29.00	cfa-mir-2387	29.00	29.00	11.26
cfa-miR-23a	521.00	cfa-mir-23a	521.00	521.00	202.25
cfa-miR-23b	101.00	cfa-mir-23b	101.00	101.00	39.21
cfa-miR-24	21176.00	cfa-mir-24-1	21176.00	21176.00	8220.37
cfa-miR-24	21176.00	cfa-mir-24-2	21176.00	21176.00	8220.37
cfa-miR-2483	0.00	cfa-mir-2483	0.00	0	0
cfa-miR-25	15382.00	cfa-mir-25	15382.00	15382.00	5971.18
cfa-miR-26a	17802.00	cfa-mir-26a-1	17802.00	17802.00	6910.60
cfa-miR-26a	17811.00	cfa-mir-26a-2	17811.00	17811.00	6914.10
cfa-miR-26b	5354.00	cfa-mir-26b	5354.00	5354.00	2078.38
cfa-miR-27a	2945.00	cfa-mir-27a	2945.00	2945.00	1143.23
cfa-miR-27b	13550.00	cfa-mir-27b	13550.00	13550.00	5260.01
cfa-miR-28	9917.00	cfa-mir-28	9917.00	9917.00	3849.71
cfa-miR-299	26.00	cfa-mir-299	26.00	26.00	10.09
cfa-miR-29a	30930.00	cfa-mir-29a	30930.00	30930.00	12006.80
cfa-miR-29b	82.00	cfa-mir-29b-1	82.00	82.00	31.83
cfa-miR-29b	82.00	cfa-mir-29b-2	82.00	82.00	31.83
cfa-miR-29c	20.00	cfa-mir-29c-1	20.00	20.00	7.76
cfa-miR-29c	20.00	cfa-mir-29c-2	20.00	20.00	7.76
cfa-miR-300	0.00	cfa-mir-300	0.00	0	0
cfa-miR-301a	0.00	cfa-mir-301a	0.00	0	0
cfa-miR-301b	0.00	cfa-mir-301b	0.00	0	0
cfa-miR-302a	0.00	cfa-mir-302a	0.00	0	0
cfa-miR-302b	0.00	cfa-mir-302b	0.00	0	0
cfa-miR-302c	0.00	cfa-mir-302c	0.00	0	0
cfa-miR-302d	0.00	cfa-mir-302d	0.00	0	0
cfa-miR-30a	10570.00	cfa-mir-30a	10570.00	10570.00	4103.20
cfa-miR-30b	10741.00	cfa-mir-30b	10741.00	10741.00	4169.58
cfa-miR-30c	12940.00	cfa-mir-30c-1	12940.00	12940.00	5023.21
cfa-miR-30c	12940.00	cfa-mir-30c-2	12940.00	12940.00	5023.21
cfa-miR-30d	79197.00	cfa-mir-30d	79197.00	79197.00	30743.69
cfa-miR-30e	759.00	cfa-mir-30e	759.00	759.00	294.64
cfa-miR-31	0.00	cfa-mir-31	0.00	0	0
cfa-miR-32	2.00	cfa-mir-32	2.00	2.00	0.78
cfa-miR-320	7208.00	cfa-mir-320	7208.00	7208.00	2798.09
cfa-miR-323	68.00	cfa-mir-323	68.00	68.00	26.40
cfa-miR-324	79.00	cfa-mir-324	79.00	79.00	30.67
cfa-miR-325	0.00	cfa-mir-325	0.00	0	0
cfa-miR-326	6.00	cfa-mir-326	6.00	6.00	2.33
cfa-miR-328	15.00	cfa-mir-328	15.00	15.00	5.82
cfa-miR-329a	0.00	cfa-mir-329a	0.00	0	0
cfa-miR-329b	37.00	cfa-mir-329b	37.00	37.00	14.36
cfa-miR-330	18.00	cfa-mir-330	18.00	18.00	6.99
cfa-miR-331	412.00	cfa-mir-331	412.00	412.00	159.94
cfa-miR-335	46.00	cfa-mir-335	46.00	46.00	17.86
cfa-miR-338	1.00	cfa-mir-338	1.00	1.00	0.39
cfa-miR-339	5440.00	cfa-mir-339-1	5440.00	5440.00	2111.77
cfa-miR-33a	4.00	cfa-mir-33a	4.00	4.00	1.55
cfa-miR-33b	0.00	cfa-mir-33b	0.00	0	0
cfa-miR-340	379.00	cfa-mir-340	379.00	379.00	147.12
cfa-miR-342	32.00	cfa-mir-342	32.00	32.00	12.42
cfa-miR-345	5.00	cfa-mir-345	5.00	5.00	1.94
cfa-miR-346	0.00	cfa-mir-346	0.00	0	0
cfa-miR-34a	27.00	cfa-mir-34a	27.00	27.00	10.48
cfa-miR-34b	0.00	cfa-mir-34b	0.00	0	0
cfa-miR-34c	0.00	cfa-mir-34c	0.00	0	0
cfa-miR-350	52.00	cfa-mir-350	52.00	52.00	20.19
cfa-miR-361	691.00	cfa-mir-361	691.00	691.00	268.24
cfa-miR-362	392.00	cfa-mir-362	392.00	392.00	152.17
cfa-miR-363	3.00	cfa-mir-363	3.00	3.00	1.16
cfa-miR-365	3491.00	cfa-mir-365-1	3491.00	3491.00	1355.18
cfa-miR-365	3491.00	cfa-mir-365-2	3491.00	3491.00	1355.18
cfa-miR-367	0.00	cfa-mir-367	0.00	0	0
cfa-miR-369	212.00	cfa-mir-369	212.00	212.00	82.30
cfa-miR-370	0.00	cfa-mir-370	0.00	0	0
cfa-miR-371	0.00	cfa-mir-371	0.00	0	0
cfa-miR-374a	595.00	cfa-mir-374a	595.00	595.00	230.97
cfa-miR-374b	863.00	cfa-mir-374b	863.00	863.00	335.01
cfa-miR-375	17.00	cfa-mir-375	17.00	17.00	6.60
cfa-miR-376a	7.00	cfa-mir-376a-1	7.00	7.00	2.72
cfa-miR-376a	7.00	cfa-mir-376a-2	7.00	7.00	2.72
cfa-miR-376a	7.00	cfa-mir-376a-3	7.00	7.00	2.72
cfa-miR-376b	2.00	cfa-mir-376b	2.00	2.00	0.78
cfa-miR-376c	0.00	cfa-mir-376c	0.00	0	0
cfa-miR-377	5.00	cfa-mir-377	5.00	5.00	1.94
cfa-miR-378	7100.00	cfa-mir-378	7100.00	7100.00	2756.17
cfa-miR-379	160.00	cfa-mir-379	160.00	160.00	62.11
cfa-miR-380	137.00	cfa-mir-380	137.00	137.00	53.18
cfa-miR-381	39.00	cfa-mir-381	39.00	39.00	15.14
cfa-miR-382	54.00	cfa-mir-382	54.00	54.00	20.96
cfa-miR-383	0.00	cfa-mir-383	0.00	0	0
cfa-miR-384	0.00	cfa-mir-384	0.00	0	0
cfa-miR-3958	32.00	cfa-mir-3958	32.00	32.00	12.42
cfa-miR-409	193.00	cfa-mir-409	193.00	193.00	74.92
cfa-miR-410	4.00	cfa-mir-410	4.00	4.00	1.55
cfa-miR-411	76.00	cfa-mir-411	76.00	76.00	29.50
cfa-miR-421	23.00	cfa-mir-421	23.00	23.00	8.93
cfa-miR-423a	2872.00	cfa-mir-423a	2872.00	2872.00	1114.89
cfa-miR-424	58.00	cfa-mir-424	58.00	58.00	22.52
cfa-miR-425	2919.00	cfa-mir-425	2919.00	2919.00	1133.13
cfa-miR-429	0.00	cfa-mir-429	0.00	0	0
cfa-miR-432	23.00	cfa-mir-432	23.00	23.00	8.93
cfa-miR-433	3.00	cfa-mir-433	3.00	3.00	1.16
cfa-miR-448	5.00	cfa-mir-448	5.00	5.00	1.94
cfa-miR-449a	1.00	cfa-mir-449a	1.00	1.00	0.39
cfa-miR-449b	0.00	cfa-mir-449b	0.00	0	0
cfa-miR-450a	334.00	cfa-mir-450a	334.00	334.00	129.66
cfa-miR-450b	1079.00	cfa-mir-450b	1079.00	1079.00	418.86
cfa-miR-451	1184.00	cfa-mir-451	1184.00	1184.00	459.62
cfa-miR-452	0.00	cfa-mir-452	0.00	0	0
cfa-miR-454	487.00	cfa-mir-454	487.00	487.00	189.05
cfa-miR-455	52.00	cfa-mir-455	52.00	52.00	20.19
cfa-miR-483	0.00	cfa-mir-483	0.00	0	0
cfa-miR-485	6.00	cfa-mir-485	6.00	6.00	2.33
cfa-miR-486	1019.00	cfa-mir-486	1019.00	1019.00	395.57
cfa-miR-486-3p	927.00	cfa-mir-486	927.00	927.00	359.85
cfa-miR-487a	2.00	cfa-mir-487a	2.00	2.00	0.78
cfa-miR-487b	201.00	cfa-mir-487b	201.00	201.00	78.03
cfa-miR-488	0.00	cfa-mir-488	0.00	0	0
cfa-miR-489	0.00	cfa-mir-489	0.00	0	0
cfa-miR-490	0.00	cfa-mir-490	0.00	0	0
cfa-miR-491	0.00	cfa-mir-491	0.00	0	0
cfa-miR-493	0.00	cfa-mir-493	0.00	0	0
cfa-miR-494	170.00	cfa-mir-494	170.00	170.00	65.99
cfa-miR-495	34.00	cfa-mir-495	34.00	34.00	13.20
cfa-miR-496	2.00	cfa-mir-496	2.00	2.00	0.78
cfa-miR-497	1.00	cfa-mir-497	1.00	1.00	0.39
cfa-miR-499	48.00	cfa-mir-499	48.00	48.00	18.63
cfa-miR-500	94.00	cfa-mir-500	94.00	94.00	36.49
cfa-miR-502	213.00	cfa-mir-502	213.00	213.00	82.69
cfa-miR-503	132.00	cfa-mir-503	132.00	132.00	51.24
cfa-miR-504	3.00	cfa-mir-504	3.00	3.00	1.16
cfa-miR-505	30.00	cfa-mir-505	30.00	30.00	11.65
cfa-miR-506	0.00	cfa-mir-506	0.00	0	0
cfa-miR-507a	0.00	cfa-mir-507a	0.00	0	0
cfa-miR-507b	0.00	cfa-mir-507b	0.00	0	0
cfa-miR-508a	0.00	cfa-mir-508a	0.00	0	0
cfa-miR-508b	0.00	cfa-mir-508b	0.00	0	0
cfa-miR-514	0.00	cfa-mir-514	0.00	0	0
cfa-miR-532	893.00	cfa-mir-532	893.00	893.00	346.66
cfa-miR-539	0.00	cfa-mir-539	0.00	0	0
cfa-miR-542	64.00	cfa-mir-542	64.00	64.00	24.84
cfa-miR-543	27.00	cfa-mir-543	27.00	27.00	10.48
cfa-miR-544	0.00	cfa-mir-544	0.00	0	0
cfa-miR-545	0.00	cfa-mir-545	0.00	0	0
cfa-miR-551a	0.00	cfa-mir-551a	0.00	0	0
cfa-miR-551b	0.00	cfa-mir-551b	0.00	0	0
cfa-miR-568	0.00	cfa-mir-568	0.00	0	0
cfa-miR-574	2200.00	cfa-mir-574	2200.00	2200.00	854.02
cfa-miR-578	0.00	cfa-mir-578	0.00	0	0
cfa-miR-582	45.00	cfa-mir-582	45.00	45.00	17.47
cfa-miR-589	0.00	cfa-mir-589	0.00	0	0
cfa-miR-590	52.00	cfa-mir-590	52.00	52.00	20.19
cfa-miR-592	57.00	cfa-mir-592	57.00	57.00	22.13
cfa-miR-599	0.00	cfa-mir-599	0.00	0	0
cfa-miR-615	7.00	cfa-mir-615	7.00	7.00	2.72
cfa-miR-628	0.00	cfa-mir-628	0.00	0	0
cfa-miR-631	0.00	cfa-mir-631	0.00	0	0
cfa-miR-632	0.00	cfa-mir-632	0.00	0	0
cfa-miR-6516	0.00	cfa-mir-6516	0.00	0	0
cfa-miR-652	735.00	cfa-mir-652	735.00	735.00	285.32
cfa-miR-6529	63.00	cfa-mir-6529	63.00	63.00	24.46
cfa-miR-653	0.00	cfa-mir-653	0.00	0	0
cfa-miR-660	54.00	cfa-mir-660	54.00	54.00	20.96
cfa-miR-664	4.00	cfa-mir-664	4.00	4.00	1.55
cfa-miR-665	0.00	cfa-mir-665	0.00	0	0
cfa-miR-671	70.00	cfa-mir-671	70.00	70.00	27.17
cfa-miR-676	0.00	cfa-mir-676	0.00	0	0
cfa-miR-7	7494.00	cfa-mir-7-1	7494.00	7494.00	2909.12
cfa-miR-7	7411.00	cfa-mir-7-2	7411.00	7411.00	2876.90
cfa-miR-7	7405.00	cfa-mir-7-3	7405.00	7405.00	2874.57
cfa-miR-708	321.00	cfa-mir-708	321.00	321.00	124.61
cfa-miR-718	0.00	cfa-mir-718	0.00	0	0
cfa-miR-7180	74.00	cfa-mir-7180	74.00	74.00	28.73
cfa-miR-758	13.00	cfa-mir-758	13.00	13.00	5.05
cfa-miR-759	0.00	cfa-mir-759	0.00	0	0
cfa-miR-761	0.00	cfa-mir-761	0.00	0	0
cfa-miR-764	0.00	cfa-mir-764	0.00	0	0
cfa-miR-769	21.00	cfa-mir-769	21.00	21.00	8.15
cfa-miR-802	0.00	cfa-mir-802	0.00	0	0
cfa-miR-872	0.00	cfa-mir-872	0.00	0	0
cfa-miR-874	571.00	cfa-mir-874	571.00	571.00	221.66
cfa-miR-875	0.00	cfa-mir-875	0.00	0	0
cfa-miR-876	0.00	cfa-mir-876	0.00	0	0
cfa-miR-8789	0.00	cfa-mir-8789	0.00	0	0
cfa-miR-8790	0.00	cfa-mir-8790	0.00	0	0
cfa-miR-8791a	0.00	cfa-mir-8791a	0.00	0	0
cfa-miR-8791b	0.00	cfa-mir-8791b	0.00	0	0
cfa-miR-8792	0.00	cfa-mir-8792	0.00	0	0
cfa-miR-8793	0.00	cfa-mir-8793-1	0.00	0	0
cfa-miR-8793	0.00	cfa-mir-8793-2	0.00	0	0
cfa-miR-8793	0.00	cfa-mir-8793-3	0.00	0	0
cfa-miR-8794	0.00	cfa-mir-8794-1	0.00	0	0
cfa-miR-8794	0.00	cfa-mir-8794-2	0.00	0	0
cfa-miR-8795	0.00	cfa-mir-8795	0.00	0	0
cfa-miR-8796	0.00	cfa-mir-8796	0.00	0	0
cfa-miR-8797	0.00	cfa-mir-8797	0.00	0	0
cfa-miR-8798	0.00	cfa-mir-8798	0.00	0	0
cfa-miR-8799a	0.00	cfa-mir-8799a	0.00	0	0
cfa-miR-8799b	0.00	cfa-mir-8799b	0.00	0	0
cfa-miR-8799c	0.00	cfa-mir-8799c	0.00	0	0
cfa-miR-8799d	0.00	cfa-mir-8799d	0.00	0	0
cfa-miR-8799e	0.00	cfa-mir-8799e-1	0.00	0	0
cfa-miR-8799e	0.00	cfa-mir-8799e-2	0.00	0	0
cfa-miR-8799f	0.00	cfa-mir-8799f	0.00	0	0
cfa-miR-8799g	0.00	cfa-mir-8799g	0.00	0	0
cfa-miR-8800	0.00	cfa-mir-8800	0.00	0	0
cfa-miR-8801	0.00	cfa-mir-8801	0.00	0	0
cfa-miR-8802	0.00	cfa-mir-8802	0.00	0	0
cfa-miR-8803	19.00	cfa-mir-8803	19.00	19.00	7.38
cfa-miR-8804	0.00	cfa-mir-8804	0.00	0	0
cfa-miR-8805	0.00	cfa-mir-8805	0.00	0	0
cfa-miR-8806	0.00	cfa-mir-8806	0.00	0	0
cfa-miR-8807	0.00	cfa-mir-8807	0.00	0	0
cfa-miR-8808	0.00	cfa-mir-8808	0.00	0	0
cfa-miR-8809	0.00	cfa-mir-8809	0.00	0	0
cfa-miR-8810	0.00	cfa-mir-8810	0.00	0	0
cfa-miR-8811	0.00	cfa-mir-8811	0.00	0	0
cfa-miR-8812	0.00	cfa-mir-8812	0.00	0	0
cfa-miR-8813	0.00	cfa-mir-8813-1	0.00	0	0
cfa-miR-8813	0.00	cfa-mir-8813-2	0.00	0	0
cfa-miR-8814	0.00	cfa-mir-8814	0.00	0	0
cfa-miR-8815	0.00	cfa-mir-8815-1	0.00	0	0
cfa-miR-8815	0.00	cfa-mir-8815-2	0.00	0	0
cfa-miR-8816	0.00	cfa-mir-8816	0.00	0	0
cfa-miR-8817	0.00	cfa-mir-8817	0.00	0	0
cfa-miR-8818	0.00	cfa-mir-8818	0.00	0	0
cfa-miR-8819	0.00	cfa-mir-8819	0.00	0	0
cfa-miR-8820	0.00	cfa-mir-8820	0.00	0	0
cfa-miR-8821	0.00	cfa-mir-8821	0.00	0	0
cfa-miR-8822	0.00	cfa-mir-8822	0.00	0	0
cfa-miR-8823	0.00	cfa-mir-8823	0.00	0	0
cfa-miR-8824	0.00	cfa-mir-8824	0.00	0	0
cfa-miR-8825	0.00	cfa-mir-8825	0.00	0	0
cfa-miR-8826	0.00	cfa-mir-8826	0.00	0	0
cfa-miR-8827	0.00	cfa-mir-8827	0.00	0	0
cfa-miR-8828	0.00	cfa-mir-8828	0.00	0	0
cfa-miR-8829	0.00	cfa-mir-8829	0.00	0	0
cfa-miR-8830	0.00	cfa-mir-8830-1	0.00	0	0
cfa-miR-8830	0.00	cfa-mir-8830-2	0.00	0	0
cfa-miR-8830	0.00	cfa-mir-8830-3	0.00	0	0
cfa-miR-8831	0.00	cfa-mir-8831	0.00	0	0
cfa-miR-8832	0.00	cfa-mir-8832	0.00	0	0
cfa-miR-8833	0.00	cfa-mir-8833	0.00	0	0
cfa-miR-8834a	0.00	cfa-mir-8834a-1	0.00	0	0
cfa-miR-8834a	0.00	cfa-mir-8834a-2	0.00	0	0
cfa-miR-8834b	0.00	cfa-mir-8834b	0.00	0	0
cfa-miR-8835	0.00	cfa-mir-8835	0.00	0	0
cfa-miR-8836	0.00	cfa-mir-8836	0.00	0	0
cfa-miR-8837	0.00	cfa-mir-8837	0.00	0	0
cfa-miR-8838	0.00	cfa-mir-8838	0.00	0	0
cfa-miR-8839	1.00	cfa-mir-8839	1.00	1.00	0.39
cfa-miR-8840	0.00	cfa-mir-8840	0.00	0	0
cfa-miR-8841	0.00	cfa-mir-8841-1	0.00	0	0
cfa-miR-8841	0.00	cfa-mir-8841-2	0.00	0	0
cfa-miR-8842	0.00	cfa-mir-8842	0.00	0	0
cfa-miR-8843	0.00	cfa-mir-8843	0.00	0	0
cfa-miR-8844	0.00	cfa-mir-8844	0.00	0	0
cfa-miR-8845	0.00	cfa-mir-8845	0.00	0	0
cfa-miR-8846	0.00	cfa-mir-8846	0.00	0	0
cfa-miR-8847	0.00	cfa-mir-8847	0.00	0	0
cfa-miR-8848	0.00	cfa-mir-8848	0.00	0	0
cfa-miR-8849	0.00	cfa-mir-8849	0.00	0	0
cfa-miR-885	0.00	cfa-mir-885	0.00	0	0
cfa-miR-8850	0.00	cfa-mir-8850	0.00	0	0
cfa-miR-8851	0.00	cfa-mir-8851	0.00	0	0
cfa-miR-8852	0.00	cfa-mir-8852	0.00	0	0
cfa-miR-8853	0.00	cfa-mir-8853	0.00	0	0
cfa-miR-8854	2.00	cfa-mir-8854	2.00	2.00	0.78
cfa-miR-8855	0.00	cfa-mir-8855	0.00	0	0
cfa-miR-8856	0.00	cfa-mir-8856	0.00	0	0
cfa-miR-8857	0.00	cfa-mir-8857	0.00	0	0
cfa-miR-8858	0.00	cfa-mir-8858	0.00	0	0
cfa-miR-8859a	23987.00	cfa-mir-8859a	23987.00	23987.00	9311.58
cfa-miR-8859b	772.00	cfa-mir-8859b	772.00	772.00	299.68
cfa-miR-8860	0.00	cfa-mir-8860	0.00	0	0
cfa-miR-8861	0.00	cfa-mir-8861	0.00	0	0
cfa-miR-8862	0.00	cfa-mir-8862	0.00	0	0
cfa-miR-8863	0.00	cfa-mir-8863	0.00	0	0
cfa-miR-8864	0.00	cfa-mir-8864-1	0.00	0	0
cfa-miR-8864	0.00	cfa-mir-8864-2	0.00	0	0
cfa-miR-8864	0.00	cfa-mir-8864-3	0.00	0	0
cfa-miR-8864	0.00	cfa-mir-8864-4	0.00	0	0
cfa-miR-8865	13.00	cfa-mir-8865	13.00	13.00	5.05
cfa-miR-8866	0.00	cfa-mir-8866	0.00	0	0
cfa-miR-8867	0.00	cfa-mir-8867	0.00	0	0
cfa-miR-8868	0.00	cfa-mir-8868	0.00	0	0
cfa-miR-8869	0.00	cfa-mir-8869	0.00	0	0
cfa-miR-8870	0.00	cfa-mir-8870	0.00	0	0
cfa-miR-8871	0.00	cfa-mir-8871	0.00	0	0
cfa-miR-8872	0.00	cfa-mir-8872	0.00	0	0
cfa-miR-8873a	0.00	cfa-mir-8873a	0.00	0	0
cfa-miR-8873b	0.00	cfa-mir-8873b	0.00	0	0
cfa-miR-8874	0.00	cfa-mir-8874	0.00	0	0
cfa-miR-8875	0.00	cfa-mir-8875	0.00	0	0
cfa-miR-8876	0.00	cfa-mir-8876	0.00	0	0
cfa-miR-8877	0.00	cfa-mir-8877	0.00	0	0
cfa-miR-8878	0.00	cfa-mir-8878	0.00	0	0
cfa-miR-8879	0.00	cfa-mir-8879	0.00	0	0
cfa-miR-8880	0.00	cfa-mir-8880	0.00	0	0
cfa-miR-8881	0.00	cfa-mir-8881	0.00	0	0
cfa-miR-8882	0.00	cfa-mir-8882	0.00	0	0
cfa-miR-8883	0.00	cfa-mir-8883	0.00	0	0
cfa-miR-8884	161.00	cfa-mir-8884	161.00	161.00	62.50
cfa-miR-8885	0.00	cfa-mir-8885	0.00	0	0
cfa-miR-8886	0.00	cfa-mir-8886	0.00	0	0
cfa-miR-8887	0.00	cfa-mir-8887	0.00	0	0
cfa-miR-8888	0.00	cfa-mir-8888	0.00	0	0
cfa-miR-8889	0.00	cfa-mir-8889	0.00	0	0
cfa-miR-889	41.00	cfa-mir-889	41.00	41.00	15.92
cfa-miR-8890	18.00	cfa-mir-8890	18.00	18.00	6.99
cfa-miR-8891	0.00	cfa-mir-8891	0.00	0	0
cfa-miR-8892	0.00	cfa-mir-8892	0.00	0	0
cfa-miR-8893	0.00	cfa-mir-8893	0.00	0	0
cfa-miR-8894	0.00	cfa-mir-8894	0.00	0	0
cfa-miR-8895	0.00	cfa-mir-8895	0.00	0	0
cfa-miR-8896	0.00	cfa-mir-8896	0.00	0	0
cfa-miR-8897	0.00	cfa-mir-8897	0.00	0	0
cfa-miR-8898	0.00	cfa-mir-8898	0.00	0	0
cfa-miR-8899	0.00	cfa-mir-8899	0.00	0	0
cfa-miR-8900	0.00	cfa-mir-8900	0.00	0	0
cfa-miR-8901	0.00	cfa-mir-8901	0.00	0	0
cfa-miR-8902	0.00	cfa-mir-8902	0.00	0	0
cfa-miR-8903	10.00	cfa-mir-8903	10.00	10.00	3.88
cfa-miR-8904a	0.00	cfa-mir-8904a	0.00	0	0
cfa-miR-8904b	17.00	cfa-mir-8904b	17.00	17.00	6.60
cfa-miR-8905	0.00	cfa-mir-8905	0.00	0	0
cfa-miR-8906	0.00	cfa-mir-8906	0.00	0	0
cfa-miR-8907	0.00	cfa-mir-8907	0.00	0	0
cfa-miR-8908a-5p	0.00	cfa-mir-8908a-1	0.00	0	0
cfa-miR-8908a-3p	6.00	cfa-mir-8908a-1	6.00	6.00	2.33
cfa-miR-8908a-3p	6.00	cfa-mir-8908a-2	6.00	6.00	2.33
cfa-miR-8908a-5p	0.00	cfa-mir-8908a-3	0.00	0	0
cfa-miR-8908a-3p	6.00	cfa-mir-8908a-3	6.00	6.00	2.33
cfa-miR-8908a-5p	0.00	cfa-mir-8908a-4	0.00	0	0
cfa-miR-8908a-3p	6.00	cfa-mir-8908a-4	6.00	6.00	2.33
cfa-miR-8908b	0.00	cfa-mir-8908b	0.00	0	0
cfa-miR-8908c	0.00	cfa-mir-8908c	0.00	0	0
cfa-miR-8908d	3.00	cfa-mir-8908d-1	3.00	3.00	1.16
cfa-miR-8908d	3.00	cfa-mir-8908d-2	3.00	3.00	1.16
cfa-miR-8908d	3.00	cfa-mir-8908d-3	3.00	3.00	1.16
cfa-miR-8908e	0.00	cfa-mir-8908e	0.00	0	0
cfa-miR-8908f	0.00	cfa-mir-8908f	0.00	0	0
cfa-miR-9	3027.00	cfa-mir-9-1	3027.00	3027.00	1175.06
cfa-miR-9	3027.00	cfa-mir-9-2	3027.00	3027.00	1175.06
cfa-miR-9	3027.00	cfa-mir-9-3	3027.00	3027.00	1175.06
cfa-miR-92a	65823.00	cfa-mir-92a-1	65823.00	65823.00	25552.00
cfa-miR-92a	65823.00	cfa-mir-92a-2	65823.00	65823.00	25552.00
cfa-miR-92b	3510.00	cfa-mir-92b	3510.00	3510.00	1362.56
cfa-miR-93	11883.00	cfa-mir-93	11883.00	11883.00	4612.89
cfa-miR-95	9.00	cfa-mir-95	9.00	9.00	3.49
cfa-miR-96	438.00	cfa-mir-96	438.00	438.00	170.03
cfa-miR-98	3148.00	cfa-mir-98	3148.00	3148.00	1222.03
cfa-miR-99a	59117.00	cfa-mir-99a-1	59117.00	59117.00	22948.78
cfa-miR-99a	59117.00	cfa-mir-99a-2	59117.00	59117.00	22948.78
cfa-miR-99b	8886.00	cfa-mir-99b	8886.00	8886.00	3449.48
